{
  "normal": {
    "precision": 0.728094675199529,
    "meta": 0.6560640872080097,
    "tool": 0.5504810105526369,
    "learning": 0.664098461205097,
    "gca_score": 0.79134726951458,
    "corr_meta_tool": -0.7249150652636641,
    "corr_meta_gca": -0.657934763419103,
    "corr_tool_gca": 0.6961805814791185,
    "gca_factor_pct": 0.8351184993955769
  },
  "disrupted": {
    "precision": 0.3016075227697152,
    "meta": 0.6392437198321722,
    "tool": 0.22607797542423816,
    "learning": 0.5651828182904476,
    "gca_score": 0.619665815306107,
    "corr_meta_tool": 0.8585533184456638,
    "corr_meta_gca": 0.7300872206758651,
    "corr_tool_gca": 0.6320975358591142,
    "gca_factor_pct": 0.8118371759662586
  },
  "nurse_spatial": {
    "precision": 0.7365656192148438,
    "meta": 0.654922982701888,
    "tool": 0.42450857845332834,
    "learning": 0.7830107180376829,
    "gca_score": 0.7969203297752743,
    "corr_meta_tool": -0.7564574346324794,
    "corr_meta_gca": -0.6816173796585209,
    "corr_tool_gca": 0.657057127317649,
    "gca_factor_pct": 0.7969918337274223
  },
  "forager_spatial": {
    "precision": 0.7931052559358409,
    "meta": 0.6467523960883895,
    "tool": 0.7412904975436314,
    "learning": 0.8035213581840944,
    "gca_score": 0.8186459042068377,
    "corr_meta_tool": -0.8389358689024818,
    "corr_meta_gca": -0.5985817960480719,
    "corr_tool_gca": 0.5851121566711502,
    "gca_factor_pct": 0.8098885787967823
  }
}