{
  "normal": {
    "play": 0.1844,
    "meta": 0.609994022079677,
    "tool": 0.52252,
    "learning": 0.6583600000000001,
    "rhythm": 0.7382000000000001,
    "mean_precision": 0.6963125083207911,
    "cross_domain_corr": -0.07442181897249715,
    "gca_variance": 0.7239816633441978
  },
  "disrupted": {
    "play": 0.22860000000000003,
    "meta": 0.66155169258483,
    "tool": 0.2898,
    "learning": 0.58804,
    "rhythm": 0.5515999999999999,
    "mean_precision": 0.38460112395287344,
    "cross_domain_corr": -0.03270481546630751,
    "gca_variance": 0.6929372327539735
  },
  "nurse_spatial": {
    "play": 0.1912,
    "meta": 0.6068581204691654,
    "tool": 0.41024,
    "learning": 0.55184,
    "rhythm": 0.7395999999999999,
    "mean_precision": 0.7112788931214472,
    "cross_domain_corr": -0.12015150290169237,
    "gca_variance": 0.6073117919612531
  },
  "forager_spatial": {
    "play": 0.1728,
    "meta": 0.5880868306430321,
    "tool": 0.7296,
    "learning": 0.80252,
    "rhythm": 0.7657200000000001,
    "mean_precision": 0.7912595134644292,
    "cross_domain_corr": -0.09029621150049028,
    "gca_variance": 0.7668070937645496
  }
}